Year,Period,Trade Flow,Reporter,Partner,Commodity,Commodity Code,Trade Value (US$)
2017,2017,Export,USA,Antigua and Barbuda,Beer made from malt,2203,70739
2017,2017,Export,USA,Argentina,Beer made from malt,2203,51427
2017,2017,Export,USA,Australia,Beer made from malt,2203,15899868
2017,2017,Export,USA,Bahamas,Beer made from malt,2203,6589110
2017,2017,Export,USA,Bahrain,Beer made from malt,2203,1052118
2017,2017,Export,USA,Bangladesh,Beer made from malt,2203,17758
2017,2017,Export,USA,Barbados,Beer made from malt,2203,141882
2017,2017,Export,USA,Belgium,Beer made from malt,2203,4395125
2017,2017,Export,USA,Bermuda,Beer made from malt,2203,1738844
2017,2017,Export,USA,Bolivia (Plurinational State of),Beer made from malt,2203,315709
2017,2017,Export,USA,Brazil,Beer made from malt,2203,2513830
2017,2017,Export,USA,Belize,Beer made from malt,2203,143348
2017,2017,Export,USA,Br. Virgin Isds,Beer made from malt,2203,1057705
2017,2017,Export,USA,Canada,Beer made from malt,2203,166904859
2017,2017,Export,USA,Cayman Isds,Beer made from malt,2203,3045411
2017,2017,Export,USA,Chad,Beer made from malt,2203,330000
2017,2017,Export,USA,Chile,Beer made from malt,2203,136889121
2017,2017,Export,USA,China,Beer made from malt,2203,8045941
2017,2017,Export,USA,Colombia,Beer made from malt,2203,14577577
2017,2017,Export,USA,Costa Rica,Beer made from malt,2203,4941958
2017,2017,Export,USA,Cuba,Beer made from malt,2203,417542
2017,2017,Export,USA,Cyprus,Beer made from malt,2203,254267
2017,2017,Export,USA,Denmark,Beer made from malt,2203,3318520
2017,2017,Export,USA,Dominican Rep.,Beer made from malt,2203,8988884
2017,2017,Export,USA,Ecuador,Beer made from malt,2203,4374
2017,2017,Export,USA,El Salvador,Beer made from malt,2203,76500
2017,2017,Export,USA,Fiji,Beer made from malt,2203,9704
2017,2017,Export,USA,Finland,Beer made from malt,2203,585399
2017,2017,Export,USA,France,Beer made from malt,2203,3382629
2017,2017,Export,USA,French Polynesia,Beer made from malt,2203,326464
2017,2017,Export,USA,Germany,Beer made from malt,2203,1157452
2017,2017,Export,USA,Kiribati,Beer made from malt,2203,66813
2017,2017,Export,USA,Grenada,Beer made from malt,2203,16740
2017,2017,Export,USA,Guatemala,Beer made from malt,2203,10430671
2017,2017,Export,USA,Guyana,Beer made from malt,2203,8729
2017,2017,Export,USA,Haiti,Beer made from malt,2203,14782
2017,2017,Export,USA,Honduras,Beer made from malt,2203,15702215
2017,2017,Export,USA,"China, Hong Kong SAR",Beer made from malt,2203,2053883
2017,2017,Export,USA,Iceland,Beer made from malt,2203,115123
2017,2017,Export,USA,Indonesia,Beer made from malt,2203,61523
2017,2017,Export,USA,Iraq,Beer made from malt,2203,480000
2017,2017,Export,USA,Ireland,Beer made from malt,2203,1786220
2017,2017,Export,USA,Israel,Beer made from malt,2203,168955
2017,2017,Export,USA,Italy,Beer made from malt,2203,2848950
2017,2017,Export,USA,Jamaica,Beer made from malt,2203,223652
2017,2017,Export,USA,Japan,Beer made from malt,2203,6604748
2017,2017,Export,USA,Kazakhstan,Beer made from malt,2203,12136
2017,2017,Export,USA,Jordan,Beer made from malt,2203,130771
2017,2017,Export,USA,Kenya,Beer made from malt,2203,73877
2017,2017,Export,USA,Rep. of Korea,Beer made from malt,2203,28397671
2017,2017,Export,USA,Kuwait,Beer made from malt,2203,309751
2017,2017,Export,USA,Lebanon,Beer made from malt,2203,308297
2017,2017,Export,USA,Latvia,Beer made from malt,2203,47280
2017,2017,Export,USA,Lithuania,Beer made from malt,2203,107750
2017,2017,Export,USA,Malaysia,Beer made from malt,2203,1378612
2017,2017,Export,USA,Malta,Beer made from malt,2203,307597
2017,2017,Export,USA,Mexico,Beer made from malt,2203,147659793
2017,2017,Export,USA,"Other Asia, nes",Beer made from malt,2203,16459202
2017,2017,Export,USA,Morocco,Beer made from malt,2203,1527285
2017,2017,Export,USA,Oman,Beer made from malt,2203,318286
2017,2017,Export,USA,Nepal,Beer made from malt,2203,112383
2017,2017,Export,USA,Netherlands,Beer made from malt,2203,5592073
2017,2017,Export,USA,Curaçao,Beer made from malt,2203,3161731
2017,2017,Export,USA,Aruba,Beer made from malt,2203,1764288
2017,2017,Export,USA,Saint Maarten,Beer made from malt,2203,1791024
2017,2017,Export,USA,New Zealand,Beer made from malt,2203,1400362
2017,2017,Export,USA,Nicaragua,Beer made from malt,2203,131215
2017,2017,Export,USA,Norway,Beer made from malt,2203,1555715
2017,2017,Export,USA,FS Micronesia,Beer made from malt,2203,1282087
2017,2017,Export,USA,Marshall Isds,Beer made from malt,2203,27000
2017,2017,Export,USA,Palau,Beer made from malt,2203,1038570
2017,2017,Export,USA,Panama,Beer made from malt,2203,16832139
2017,2017,Export,USA,Paraguay,Beer made from malt,2203,14614804
2017,2017,Export,USA,Peru,Beer made from malt,2203,93929
2017,2017,Export,USA,Philippines,Beer made from malt,2203,825603
2017,2017,Export,USA,Poland,Beer made from malt,2203,12835
2017,2017,Export,USA,Portugal,Beer made from malt,2203,5811
2017,2017,Export,USA,Qatar,Beer made from malt,2203,576657
2017,2017,Export,USA,Russian Federation,Beer made from malt,2203,1500908
2017,2017,Export,USA,Saint Kitts and Nevis,Beer made from malt,2203,30128
2017,2017,Export,USA,Anguilla,Beer made from malt,2203,102557
2017,2017,Export,USA,Saint Lucia,Beer made from malt,2203,36028
2017,2017,Export,USA,Saudi Arabia,Beer made from malt,2203,2183876
2017,2017,Export,USA,Sierra Leone,Beer made from malt,2203,30000
2017,2017,Export,USA,India,Beer made from malt,2203,42103
2017,2017,Export,USA,Singapore,Beer made from malt,2203,2526636
2017,2017,Export,USA,Viet Nam,Beer made from malt,2203,14246
2017,2017,Export,USA,South Africa,Beer made from malt,2203,607993
2017,2017,Export,USA,Spain,Beer made from malt,2203,1221415
2017,2017,Export,USA,Suriname,Beer made from malt,2203,147769
2017,2017,Export,USA,Sweden,Beer made from malt,2203,21763804
2017,2017,Export,USA,Switzerland,Beer made from malt,2203,438559
2017,2017,Export,USA,Thailand,Beer made from malt,2203,1001692
2017,2017,Export,USA,Trinidad and Tobago,Beer made from malt,2203,1894332
2017,2017,Export,USA,United Arab Emirates,Beer made from malt,2203,7163735
2017,2017,Export,USA,Tunisia,Beer made from malt,2203,4638
2017,2017,Export,USA,Turkey,Beer made from malt,2203,1285276
2017,2017,Export,USA,Turks and Caicos Isds,Beer made from malt,2203,1285788
2017,2017,Export,USA,Ukraine,Beer made from malt,2203,10570
2017,2017,Export,USA,United Kingdom,Beer made from malt,2203,37812549
2017,2017,Export,USA,Uruguay,Beer made from malt,2203,3019538
2017,2017,Export,USA,Venezuela,Beer made from malt,2203,2700
2013,2013,Export,USA,Antigua and Barbuda,Beer made from malt,2203,7998
2013,2013,Export,USA,Australia,Beer made from malt,2203,14988972
2013,2013,Export,USA,Austria,Beer made from malt,2203,40680
2013,2013,Export,USA,Bahamas,Beer made from malt,2203,2934890
2013,2013,Export,USA,Bahrain,Beer made from malt,2203,334952
2013,2013,Export,USA,Bangladesh,Beer made from malt,2203,76364
2013,2013,Export,USA,Barbados,Beer made from malt,2203,67492
2013,2013,Export,USA,Belgium,Beer made from malt,2203,124441
2013,2013,Export,USA,Bermuda,Beer made from malt,2203,1192984
2013,2013,Export,USA,Bolivia (Plurinational State of),Beer made from malt,2203,28297
2013,2013,Export,USA,Brazil,Beer made from malt,2203,1836064
2013,2013,Export,USA,Belize,Beer made from malt,2203,258367
2013,2013,Export,USA,Solomon Isds,Beer made from malt,2203,43355
2013,2013,Export,USA,Br. Virgin Isds,Beer made from malt,2203,1109669
2013,2013,Export,USA,Myanmar,Beer made from malt,2203,4175
2013,2013,Export,USA,Cambodia,Beer made from malt,2203,365419
2013,2013,Export,USA,Canada,Beer made from malt,2203,163694585
2013,2013,Export,USA,Cayman Isds,Beer made from malt,2203,1534449
2013,2013,Export,USA,Chile,Beer made from malt,2203,41245129
2013,2013,Export,USA,China,Beer made from malt,2203,9311349
2013,2013,Export,USA,Colombia,Beer made from malt,2203,4454897
2013,2013,Export,USA,Cook Isds,Beer made from malt,2203,48775
2013,2013,Export,USA,Costa Rica,Beer made from malt,2203,2332620
2013,2013,Export,USA,Cyprus,Beer made from malt,2203,69216
2013,2013,Export,USA,Benin,Beer made from malt,2203,14898
2013,2013,Export,USA,Denmark,Beer made from malt,2203,1716885
2013,2013,Export,USA,Dominican Rep.,Beer made from malt,2203,3311221
2013,2013,Export,USA,Ecuador,Beer made from malt,2203,1575213
2013,2013,Export,USA,El Salvador,Beer made from malt,2203,874848
2013,2013,Export,USA,Equatorial Guinea,Beer made from malt,2203,4000
2013,2013,Export,USA,Ethiopia,Beer made from malt,2203,10276
2013,2013,Export,USA,Fiji,Beer made from malt,2203,67192
2013,2013,Export,USA,Finland,Beer made from malt,2203,603065
2013,2013,Export,USA,France,Beer made from malt,2203,460163
2013,2013,Export,USA,French Polynesia,Beer made from malt,2203,116728
2013,2013,Export,USA,Germany,Beer made from malt,2203,1068302
2013,2013,Export,USA,Kiribati,Beer made from malt,2203,38800
2013,2013,Export,USA,Greece,Beer made from malt,2203,72685
2013,2013,Export,USA,Guatemala,Beer made from malt,2203,1550138
2013,2013,Export,USA,Guinea,Beer made from malt,2203,14541
2013,2013,Export,USA,Haiti,Beer made from malt,2203,29580
2013,2013,Export,USA,Honduras,Beer made from malt,2203,7743157
2013,2013,Export,USA,"China, Hong Kong SAR",Beer made from malt,2203,2388746
2013,2013,Export,USA,Iceland,Beer made from malt,2203,15585
2013,2013,Export,USA,Ireland,Beer made from malt,2203,742591
2013,2013,Export,USA,Israel,Beer made from malt,2203,327813
2013,2013,Export,USA,Italy,Beer made from malt,2203,2084999
2013,2013,Export,USA,Côte d'Ivoire,Beer made from malt,2203,28028
2013,2013,Export,USA,Jamaica,Beer made from malt,2203,89114
2013,2013,Export,USA,Japan,Beer made from malt,2203,4302971
2013,2013,Export,USA,Jordan,Beer made from malt,2203,123602
2013,2013,Export,USA,Rep. of Korea,Beer made from malt,2203,6747382
2013,2013,Export,USA,Lebanon,Beer made from malt,2203,127727
2013,2013,Export,USA,Latvia,Beer made from malt,2203,80646
2013,2013,Export,USA,Liberia,Beer made from malt,2203,35402
2013,2013,Export,USA,Lithuania,Beer made from malt,2203,13977
2013,2013,Export,USA,Malaysia,Beer made from malt,2203,2151172
2013,2013,Export,USA,Malta,Beer made from malt,2203,121731
2013,2013,Export,USA,Mexico,Beer made from malt,2203,126837872
2013,2013,Export,USA,"Other Asia, nes",Beer made from malt,2203,8459601
2013,2013,Export,USA,Mongolia,Beer made from malt,2203,185750
2013,2013,Export,USA,Morocco,Beer made from malt,2203,493492
2013,2013,Export,USA,Oman,Beer made from malt,2203,502906
2013,2013,Export,USA,Nauru,Beer made from malt,2203,40500
2013,2013,Export,USA,Netherlands,Beer made from malt,2203,1306580
2013,2013,Export,USA,Curaçao,Beer made from malt,2203,426477
2013,2013,Export,USA,Aruba,Beer made from malt,2203,1625370
2013,2013,Export,USA,Saint Maarten,Beer made from malt,2203,2071160
2013,2013,Export,USA,Vanuatu,Beer made from malt,2203,5310
2013,2013,Export,USA,New Zealand,Beer made from malt,2203,1801837
2013,2013,Export,USA,Nicaragua,Beer made from malt,2203,3175
2013,2013,Export,USA,Niger,Beer made from malt,2203,10192
2013,2013,Export,USA,Nigeria,Beer made from malt,2203,15106
2013,2013,Export,USA,Norway,Beer made from malt,2203,1679821
2013,2013,Export,USA,FS Micronesia,Beer made from malt,2203,897252
2013,2013,Export,USA,Marshall Isds,Beer made from malt,2203,165053
2013,2013,Export,USA,Palau,Beer made from malt,2203,1200311
2013,2013,Export,USA,Pakistan,Beer made from malt,2203,141041
2013,2013,Export,USA,Panama,Beer made from malt,2203,20447792
2013,2013,Export,USA,Paraguay,Beer made from malt,2203,30269991
2013,2013,Export,USA,Peru,Beer made from malt,2203,745014
2013,2013,Export,USA,Philippines,Beer made from malt,2203,436172
2013,2013,Export,USA,Qatar,Beer made from malt,2203,212996
2013,2013,Export,USA,Russian Federation,Beer made from malt,2203,60000
2013,2013,Export,USA,Anguilla,Beer made from malt,2203,115552
2013,2013,Export,USA,Saint Lucia,Beer made from malt,2203,42341
2013,2013,Export,USA,Saint Vincent and the Grenadines,Beer made from malt,2203,83979
2013,2013,Export,USA,Sao Tome and Principe,Beer made from malt,2203,120000
2013,2013,Export,USA,Sierra Leone,Beer made from malt,2203,14735
2013,2013,Export,USA,India,Beer made from malt,2203,35178
2013,2013,Export,USA,Singapore,Beer made from malt,2203,2641971
2013,2013,Export,USA,Viet Nam,Beer made from malt,2203,964970
2013,2013,Export,USA,South Africa,Beer made from malt,2203,60380
2013,2013,Export,USA,Spain,Beer made from malt,2203,200017
2013,2013,Export,USA,Suriname,Beer made from malt,2203,139003
2013,2013,Export,USA,Sweden,Beer made from malt,2203,13999164
2013,2013,Export,USA,Switzerland,Beer made from malt,2203,215512
2013,2013,Export,USA,Thailand,Beer made from malt,2203,151817
2013,2013,Export,USA,Trinidad and Tobago,Beer made from malt,2203,1861992
2013,2013,Export,USA,United Arab Emirates,Beer made from malt,2203,3906369
2013,2013,Export,USA,Turkey,Beer made from malt,2203,445043
2013,2013,Export,USA,Turks and Caicos Isds,Beer made from malt,2203,769821
2013,2013,Export,USA,United Kingdom,Beer made from malt,2203,9218884
2013,2013,Export,USA,Uruguay,Beer made from malt,2203,422092
2013,2013,Export,USA,Samoa,Beer made from malt,2203,265597
2014,2014,Export,USA,Antigua and Barbuda,Beer made from malt,2203,54861
2014,2014,Export,USA,Argentina,Beer made from malt,2203,14400
2014,2014,Export,USA,Australia,Beer made from malt,2203,23776865
2014,2014,Export,USA,Austria,Beer made from malt,2203,5724
2014,2014,Export,USA,Bahamas,Beer made from malt,2203,2734016
2014,2014,Export,USA,Bahrain,Beer made from malt,2203,451998
2014,2014,Export,USA,Bangladesh,Beer made from malt,2203,60058
2014,2014,Export,USA,Barbados,Beer made from malt,2203,50011
2014,2014,Export,USA,Belgium,Beer made from malt,2203,2289938
2014,2014,Export,USA,Bermuda,Beer made from malt,2203,984606
2014,2014,Export,USA,Bolivia (Plurinational State of),Beer made from malt,2203,178286
2014,2014,Export,USA,Brazil,Beer made from malt,2203,2603031
2014,2014,Export,USA,Belize,Beer made from malt,2203,301366
2014,2014,Export,USA,Br. Virgin Isds,Beer made from malt,2203,1207933
2014,2014,Export,USA,Cambodia,Beer made from malt,2203,359883
2014,2014,Export,USA,Canada,Beer made from malt,2203,159853572
2014,2014,Export,USA,Cayman Isds,Beer made from malt,2203,1464764
2014,2014,Export,USA,Chile,Beer made from malt,2203,44023218
2014,2014,Export,USA,China,Beer made from malt,2203,8569694
2014,2014,Export,USA,Colombia,Beer made from malt,2203,6837179
2014,2014,Export,USA,Cook Isds,Beer made from malt,2203,17611
2014,2014,Export,USA,Costa Rica,Beer made from malt,2203,2581760
2014,2014,Export,USA,Cyprus,Beer made from malt,2203,59807
2014,2014,Export,USA,Denmark,Beer made from malt,2203,2549573
2014,2014,Export,USA,Dominican Rep.,Beer made from malt,2203,3595159
2014,2014,Export,USA,Ecuador,Beer made from malt,2203,649899
2014,2014,Export,USA,El Salvador,Beer made from malt,2203,486898
2014,2014,Export,USA,Equatorial Guinea,Beer made from malt,2203,51400
2014,2014,Export,USA,Fiji,Beer made from malt,2203,14365
2014,2014,Export,USA,Finland,Beer made from malt,2203,794296
2014,2014,Export,USA,France,Beer made from malt,2203,630553
2014,2014,Export,USA,French Polynesia,Beer made from malt,2203,146004
2014,2014,Export,USA,Germany,Beer made from malt,2203,1235911
2014,2014,Export,USA,Kiribati,Beer made from malt,2203,44852
2014,2014,Export,USA,Greece,Beer made from malt,2203,15416
2014,2014,Export,USA,Guatemala,Beer made from malt,2203,2211642
2014,2014,Export,USA,Guinea,Beer made from malt,2203,13393
2014,2014,Export,USA,Haiti,Beer made from malt,2203,64518
2014,2014,Export,USA,Honduras,Beer made from malt,2203,4464653
2014,2014,Export,USA,"China, Hong Kong SAR",Beer made from malt,2203,1903545
2014,2014,Export,USA,Iceland,Beer made from malt,2203,47410
2014,2014,Export,USA,Ireland,Beer made from malt,2203,1073902
2014,2014,Export,USA,Israel,Beer made from malt,2203,156143
2014,2014,Export,USA,Italy,Beer made from malt,2203,2319999
2014,2014,Export,USA,Côte d'Ivoire,Beer made from malt,2203,24252
2014,2014,Export,USA,Jamaica,Beer made from malt,2203,133631
2014,2014,Export,USA,Japan,Beer made from malt,2203,5199040
2014,2014,Export,USA,Jordan,Beer made from malt,2203,186802
2014,2014,Export,USA,Kenya,Beer made from malt,2203,14986
2014,2014,Export,USA,Rep. of Korea,Beer made from malt,2203,8202270
2014,2014,Export,USA,Lebanon,Beer made from malt,2203,362070
2014,2014,Export,USA,Latvia,Beer made from malt,2203,97928
2014,2014,Export,USA,Lithuania,Beer made from malt,2203,21469
2014,2014,Export,USA,Malaysia,Beer made from malt,2203,1595582
2014,2014,Export,USA,Malta,Beer made from malt,2203,133667
2014,2014,Export,USA,Mexico,Beer made from malt,2203,119779012
2014,2014,Export,USA,"Other Asia, nes",Beer made from malt,2203,7553838
2014,2014,Export,USA,Morocco,Beer made from malt,2203,578651
2014,2014,Export,USA,Oman,Beer made from malt,2203,370727
2014,2014,Export,USA,Netherlands,Beer made from malt,2203,1981535
2014,2014,Export,USA,Curaçao,Beer made from malt,2203,4146520
2014,2014,Export,USA,Aruba,Beer made from malt,2203,1903900
2014,2014,Export,USA,Saint Maarten,Beer made from malt,2203,1576488
2014,2014,Export,USA,New Zealand,Beer made from malt,2203,1469517
2014,2014,Export,USA,Nicaragua,Beer made from malt,2203,70560
2014,2014,Export,USA,Norway,Beer made from malt,2203,1242232
2014,2014,Export,USA,FS Micronesia,Beer made from malt,2203,1181699
2014,2014,Export,USA,Marshall Isds,Beer made from malt,2203,71078
2014,2014,Export,USA,Palau,Beer made from malt,2203,1237181
2014,2014,Export,USA,Pakistan,Beer made from malt,2203,183912
2014,2014,Export,USA,Panama,Beer made from malt,2203,23252179
2014,2014,Export,USA,Paraguay,Beer made from malt,2203,26279981
2014,2014,Export,USA,Peru,Beer made from malt,2203,1237052
2014,2014,Export,USA,Philippines,Beer made from malt,2203,361192
2014,2014,Export,USA,Portugal,Beer made from malt,2203,5223
2014,2014,Export,USA,Qatar,Beer made from malt,2203,339678
2014,2014,Export,USA,Russian Federation,Beer made from malt,2203,23237
2014,2014,Export,USA,Saint Kitts and Nevis,Beer made from malt,2203,11383
2014,2014,Export,USA,Anguilla,Beer made from malt,2203,20220
2014,2014,Export,USA,Saint Lucia,Beer made from malt,2203,57590
2014,2014,Export,USA,Saint Vincent and the Grenadines,Beer made from malt,2203,63314
2014,2014,Export,USA,Sierra Leone,Beer made from malt,2203,23547
2014,2014,Export,USA,India,Beer made from malt,2203,16544
2014,2014,Export,USA,Singapore,Beer made from malt,2203,3246378
2014,2014,Export,USA,Viet Nam,Beer made from malt,2203,1835069
2014,2014,Export,USA,South Africa,Beer made from malt,2203,187406
2014,2014,Export,USA,Spain,Beer made from malt,2203,89998
2014,2014,Export,USA,Suriname,Beer made from malt,2203,25920
2014,2014,Export,USA,Sweden,Beer made from malt,2203,17896938
2014,2014,Export,USA,Switzerland,Beer made from malt,2203,365667
2014,2014,Export,USA,Thailand,Beer made from malt,2203,326054
2014,2014,Export,USA,Trinidad and Tobago,Beer made from malt,2203,3879382
2014,2014,Export,USA,United Arab Emirates,Beer made from malt,2203,3720301
2014,2014,Export,USA,Turkey,Beer made from malt,2203,1905025
2014,2014,Export,USA,Turks and Caicos Isds,Beer made from malt,2203,712497
2014,2014,Export,USA,Ukraine,Beer made from malt,2203,27150
2014,2014,Export,USA,United Kingdom,Beer made from malt,2203,15032985
2014,2014,Export,USA,Uruguay,Beer made from malt,2203,596192
2014,2014,Export,USA,Samoa,Beer made from malt,2203,85742
2015,2015,Export,USA,Antigua and Barbuda,Beer made from malt,2203,109972
2015,2015,Export,USA,Argentina,Beer made from malt,2203,12000
2015,2015,Export,USA,Australia,Beer made from malt,2203,18513153
2015,2015,Export,USA,Bahamas,Beer made from malt,2203,3296180
2015,2015,Export,USA,Bahrain,Beer made from malt,2203,414863
2015,2015,Export,USA,Barbados,Beer made from malt,2203,115372
2015,2015,Export,USA,Belgium,Beer made from malt,2203,2771480
2015,2015,Export,USA,Bermuda,Beer made from malt,2203,1054435
2015,2015,Export,USA,Bolivia (Plurinational State of),Beer made from malt,2203,245596
2015,2015,Export,USA,Brazil,Beer made from malt,2203,2306314
2015,2015,Export,USA,Belize,Beer made from malt,2203,420739
2015,2015,Export,USA,Br. Virgin Isds,Beer made from malt,2203,1135855
2015,2015,Export,USA,Myanmar,Beer made from malt,2203,6490
2015,2015,Export,USA,Cambodia,Beer made from malt,2203,537300
2015,2015,Export,USA,Canada,Beer made from malt,2203,154159600
2015,2015,Export,USA,Cayman Isds,Beer made from malt,2203,1581440
2015,2015,Export,USA,Chile,Beer made from malt,2203,47336077
2015,2015,Export,USA,China,Beer made from malt,2203,6875605
2015,2015,Export,USA,Colombia,Beer made from malt,2203,7817970
2015,2015,Export,USA,Cook Isds,Beer made from malt,2203,10442
2015,2015,Export,USA,Costa Rica,Beer made from malt,2203,5075422
2015,2015,Export,USA,Croatia,Beer made from malt,2203,32054
2015,2015,Export,USA,Cyprus,Beer made from malt,2203,97605
2015,2015,Export,USA,Denmark,Beer made from malt,2203,2985925
2015,2015,Export,USA,Dominican Rep.,Beer made from malt,2203,4780230
2015,2015,Export,USA,Ecuador,Beer made from malt,2203,560130
2015,2015,Export,USA,El Salvador,Beer made from malt,2203,775684
2015,2015,Export,USA,Equatorial Guinea,Beer made from malt,2203,101000
2015,2015,Export,USA,Finland,Beer made from malt,2203,1376468
2015,2015,Export,USA,France,Beer made from malt,2203,1006126
2015,2015,Export,USA,French Polynesia,Beer made from malt,2203,130265
2015,2015,Export,USA,Germany,Beer made from malt,2203,1627862
2015,2015,Export,USA,Kiribati,Beer made from malt,2203,160452
2015,2015,Export,USA,Guatemala,Beer made from malt,2203,1677947
2015,2015,Export,USA,Haiti,Beer made from malt,2203,21485
2015,2015,Export,USA,Honduras,Beer made from malt,2203,5826055
2015,2015,Export,USA,"China, Hong Kong SAR",Beer made from malt,2203,1731424
2015,2015,Export,USA,Iceland,Beer made from malt,2203,69956
2015,2015,Export,USA,Indonesia,Beer made from malt,2203,19385
2015,2015,Export,USA,Ireland,Beer made from malt,2203,1432865
2015,2015,Export,USA,Israel,Beer made from malt,2203,223373
2015,2015,Export,USA,Italy,Beer made from malt,2203,2866558
2015,2015,Export,USA,Jamaica,Beer made from malt,2203,239741
2015,2015,Export,USA,Japan,Beer made from malt,2203,5766438
2015,2015,Export,USA,Jordan,Beer made from malt,2203,11532
2015,2015,Export,USA,Kenya,Beer made from malt,2203,21404
2015,2015,Export,USA,Rep. of Korea,Beer made from malt,2203,9730557
2015,2015,Export,USA,Lebanon,Beer made from malt,2203,39698
2015,2015,Export,USA,Latvia,Beer made from malt,2203,16634
2015,2015,Export,USA,Liberia,Beer made from malt,2203,34122
2015,2015,Export,USA,Lithuania,Beer made from malt,2203,15295
2015,2015,Export,USA,Malaysia,Beer made from malt,2203,1798995
2015,2015,Export,USA,Malta,Beer made from malt,2203,86570
2015,2015,Export,USA,Mexico,Beer made from malt,2203,179544415
2015,2015,Export,USA,"Other Asia, nes",Beer made from malt,2203,8198356
2015,2015,Export,USA,Mongolia,Beer made from malt,2203,131051
2015,2015,Export,USA,Morocco,Beer made from malt,2203,910046
2015,2015,Export,USA,Oman,Beer made from malt,2203,451062
2015,2015,Export,USA,Netherlands,Beer made from malt,2203,3731979
2015,2015,Export,USA,Curaçao,Beer made from malt,2203,3269091
2015,2015,Export,USA,Aruba,Beer made from malt,2203,1936498
2015,2015,Export,USA,Saint Maarten,Beer made from malt,2203,1892178
2015,2015,Export,USA,Vanuatu,Beer made from malt,2203,3420
2015,2015,Export,USA,New Zealand,Beer made from malt,2203,1016165
2015,2015,Export,USA,Nicaragua,Beer made from malt,2203,353904
2015,2015,Export,USA,Norway,Beer made from malt,2203,1630753
2015,2015,Export,USA,FS Micronesia,Beer made from malt,2203,1124418
2015,2015,Export,USA,Marshall Isds,Beer made from malt,2203,3000
2015,2015,Export,USA,Palau,Beer made from malt,2203,1184661
2015,2015,Export,USA,Panama,Beer made from malt,2203,25063735
2015,2015,Export,USA,Paraguay,Beer made from malt,2203,22683034
2015,2015,Export,USA,Peru,Beer made from malt,2203,1668077
2015,2015,Export,USA,Philippines,Beer made from malt,2203,386713
2015,2015,Export,USA,Portugal,Beer made from malt,2203,3830
2015,2015,Export,USA,Qatar,Beer made from malt,2203,214087
2015,2015,Export,USA,Russian Federation,Beer made from malt,2203,265230
2015,2015,Export,USA,Saint Kitts and Nevis,Beer made from malt,2203,6500
2015,2015,Export,USA,Anguilla,Beer made from malt,2203,55544
2015,2015,Export,USA,Saint Lucia,Beer made from malt,2203,79784
2015,2015,Export,USA,Sierra Leone,Beer made from malt,2203,49212
2015,2015,Export,USA,India,Beer made from malt,2203,46181
2015,2015,Export,USA,Singapore,Beer made from malt,2203,3366529
2015,2015,Export,USA,Viet Nam,Beer made from malt,2203,717343
2015,2015,Export,USA,South Africa,Beer made from malt,2203,3375
2015,2015,Export,USA,Spain,Beer made from malt,2203,670795
2015,2015,Export,USA,Sweden,Beer made from malt,2203,23138308
2015,2015,Export,USA,Switzerland,Beer made from malt,2203,724982
2015,2015,Export,USA,Thailand,Beer made from malt,2203,458892
2015,2015,Export,USA,Trinidad and Tobago,Beer made from malt,2203,3883318
2015,2015,Export,USA,United Arab Emirates,Beer made from malt,2203,4414693
2015,2015,Export,USA,Turkey,Beer made from malt,2203,1292293
2015,2015,Export,USA,Turks and Caicos Isds,Beer made from malt,2203,826133
2015,2015,Export,USA,United Kingdom,Beer made from malt,2203,21580470
2015,2015,Export,USA,Uruguay,Beer made from malt,2203,536863
2015,2015,Export,USA,Samoa,Beer made from malt,2203,156762
2016,2016,Export,USA,Antigua and Barbuda,Beer made from malt,2203,95330
2016,2016,Export,USA,Argentina,Beer made from malt,2203,99255
2016,2016,Export,USA,Australia,Beer made from malt,2203,17260842
2016,2016,Export,USA,Bahamas,Beer made from malt,2203,4729070
2016,2016,Export,USA,Bahrain,Beer made from malt,2203,544224
2016,2016,Export,USA,Bangladesh,Beer made from malt,2203,24140
2016,2016,Export,USA,Barbados,Beer made from malt,2203,84214
2016,2016,Export,USA,Belgium,Beer made from malt,2203,2746823
2016,2016,Export,USA,Bermuda,Beer made from malt,2203,971563
2016,2016,Export,USA,Bolivia (Plurinational State of),Beer made from malt,2203,176159
2016,2016,Export,USA,Brazil,Beer made from malt,2203,1239446
2016,2016,Export,USA,Belize,Beer made from malt,2203,397953
2016,2016,Export,USA,Br. Virgin Isds,Beer made from malt,2203,1283582
2016,2016,Export,USA,Myanmar,Beer made from malt,2203,3494
2016,2016,Export,USA,Canada,Beer made from malt,2203,154826722
2016,2016,Export,USA,Cayman Isds,Beer made from malt,2203,1758960
2016,2016,Export,USA,Central African Rep.,Beer made from malt,2203,22395
2016,2016,Export,USA,Sri Lanka,Beer made from malt,2203,5420
2016,2016,Export,USA,Chile,Beer made from malt,2203,57728836
2016,2016,Export,USA,China,Beer made from malt,2203,9835380
2016,2016,Export,USA,Colombia,Beer made from malt,2203,6278198
2016,2016,Export,USA,Cook Isds,Beer made from malt,2203,4377
2016,2016,Export,USA,Costa Rica,Beer made from malt,2203,6129501
2016,2016,Export,USA,Cuba,Beer made from malt,2203,573699
2016,2016,Export,USA,Cyprus,Beer made from malt,2203,199736
2016,2016,Export,USA,Czechia,Beer made from malt,2203,27540
2016,2016,Export,USA,Denmark,Beer made from malt,2203,2878163
2016,2016,Export,USA,Dominica,Beer made from malt,2203,4900
2016,2016,Export,USA,Dominican Rep.,Beer made from malt,2203,5782702
2016,2016,Export,USA,Ecuador,Beer made from malt,2203,102197
2016,2016,Export,USA,El Salvador,Beer made from malt,2203,217496
2016,2016,Export,USA,Fiji,Beer made from malt,2203,10764
2016,2016,Export,USA,Finland,Beer made from malt,2203,1041666
2016,2016,Export,USA,France,Beer made from malt,2203,2224362
2016,2016,Export,USA,French Polynesia,Beer made from malt,2203,89625
2016,2016,Export,USA,Germany,Beer made from malt,2203,2190314
2016,2016,Export,USA,Kiribati,Beer made from malt,2203,186885
2016,2016,Export,USA,Greece,Beer made from malt,2203,7452
2016,2016,Export,USA,Guatemala,Beer made from malt,2203,9292357
2016,2016,Export,USA,Haiti,Beer made from malt,2203,34915
2016,2016,Export,USA,Honduras,Beer made from malt,2203,8041223
2016,2016,Export,USA,"China, Hong Kong SAR",Beer made from malt,2203,3171317
2016,2016,Export,USA,Iceland,Beer made from malt,2203,74409
2016,2016,Export,USA,Indonesia,Beer made from malt,2203,96094
2016,2016,Export,USA,Ireland,Beer made from malt,2203,1430270
2016,2016,Export,USA,Israel,Beer made from malt,2203,291975
2016,2016,Export,USA,Italy,Beer made from malt,2203,2609465
2016,2016,Export,USA,Jamaica,Beer made from malt,2203,239149
2016,2016,Export,USA,Japan,Beer made from malt,2203,6445109
2016,2016,Export,USA,Jordan,Beer made from malt,2203,66091
2016,2016,Export,USA,Kenya,Beer made from malt,2203,12608
2016,2016,Export,USA,Rep. of Korea,Beer made from malt,2203,9589076
2016,2016,Export,USA,Lebanon,Beer made from malt,2203,73463
2016,2016,Export,USA,Latvia,Beer made from malt,2203,26091
2016,2016,Export,USA,Liberia,Beer made from malt,2203,21606
2016,2016,Export,USA,Lithuania,Beer made from malt,2203,7949
2016,2016,Export,USA,Malaysia,Beer made from malt,2203,1483070
2016,2016,Export,USA,Malta,Beer made from malt,2203,87396
2016,2016,Export,USA,Mexico,Beer made from malt,2203,160892171
2016,2016,Export,USA,"Other Asia, nes",Beer made from malt,2203,9652683
2016,2016,Export,USA,Morocco,Beer made from malt,2203,1029504
2016,2016,Export,USA,Oman,Beer made from malt,2203,188965
2016,2016,Export,USA,Nepal,Beer made from malt,2203,214481
2016,2016,Export,USA,Netherlands,Beer made from malt,2203,4202514
2016,2016,Export,USA,Curaçao,Beer made from malt,2203,3049813
2016,2016,Export,USA,Aruba,Beer made from malt,2203,1406034
2016,2016,Export,USA,Saint Maarten,Beer made from malt,2203,1876409
2016,2016,Export,USA,Vanuatu,Beer made from malt,2203,7964
2016,2016,Export,USA,New Zealand,Beer made from malt,2203,1523954
2016,2016,Export,USA,Nicaragua,Beer made from malt,2203,222669
2016,2016,Export,USA,Norway,Beer made from malt,2203,1650532
2016,2016,Export,USA,FS Micronesia,Beer made from malt,2203,1228132
2016,2016,Export,USA,Marshall Isds,Beer made from malt,2203,30463
2016,2016,Export,USA,Palau,Beer made from malt,2203,1085470
2016,2016,Export,USA,Panama,Beer made from malt,2203,20383661
2016,2016,Export,USA,Paraguay,Beer made from malt,2203,14155239
2016,2016,Export,USA,Peru,Beer made from malt,2203,51070
2016,2016,Export,USA,Philippines,Beer made from malt,2203,444117
2016,2016,Export,USA,Qatar,Beer made from malt,2203,168132
2016,2016,Export,USA,Russian Federation,Beer made from malt,2203,827295
2016,2016,Export,USA,Saint Kitts and Nevis,Beer made from malt,2203,8247
2016,2016,Export,USA,Anguilla,Beer made from malt,2203,131982
2016,2016,Export,USA,Saint Lucia,Beer made from malt,2203,49582
2016,2016,Export,USA,Saudi Arabia,Beer made from malt,2203,48453
2016,2016,Export,USA,Sierra Leone,Beer made from malt,2203,57700
2016,2016,Export,USA,India,Beer made from malt,2203,98336
2016,2016,Export,USA,Singapore,Beer made from malt,2203,3215224
2016,2016,Export,USA,Viet Nam,Beer made from malt,2203,34877
2016,2016,Export,USA,Slovenia,Beer made from malt,2203,11826
2016,2016,Export,USA,Spain,Beer made from malt,2203,705864
2016,2016,Export,USA,Suriname,Beer made from malt,2203,126569
2016,2016,Export,USA,Sweden,Beer made from malt,2203,24309440
2016,2016,Export,USA,Switzerland,Beer made from malt,2203,772315
2016,2016,Export,USA,Thailand,Beer made from malt,2203,1020799
2016,2016,Export,USA,Trinidad and Tobago,Beer made from malt,2203,3364365
2016,2016,Export,USA,United Arab Emirates,Beer made from malt,2203,3289024
2016,2016,Export,USA,Tunisia,Beer made from malt,2203,4876
2016,2016,Export,USA,Turkey,Beer made from malt,2203,1093862
2016,2016,Export,USA,Turks and Caicos Isds,Beer made from malt,2203,797282
2016,2016,Export,USA,Ukraine,Beer made from malt,2203,45409
2016,2016,Export,USA,United Kingdom,Beer made from malt,2203,25891429
2016,2016,Export,USA,Uruguay,Beer made from malt,2203,794890
2016,2016,Export,USA,Samoa,Beer made from malt,2203,20000
